oficio4_08,nombre,n,n_h,n_m,gap_ajustado_pct,p_valor,significativo,brecha_cruda_pct
5142,Cosmetólogos y especialistas en tratamiento de belleza,685,25,660,-63.184299743891906,0.001235206820731083,True,-67.15135082190722
7513,Operarios de la elaboración de productos lácteos,69,34,35,-62.67580227065115,0.0013870398113489113,True,-42.13657629624473
6122,Avicultores y trabajadores calificados de la avicultura,106,76,30,-60.81614777495946,2.129132421480051e-06,True,-56.34354107599358
7318,"Artesanos de los tejidos, el cuero y materiales similares",424,65,359,-56.97437407620516,1.237387969865722e-11,True,-53.13457418569498
7533,Costureros y bordadores,589,39,550,-53.681435238055094,9.319492511039584e-09,True,-42.03639433360159
7319,Artesanos no clasificados previamente,276,62,214,-53.15176407123139,3.18151700300362e-05,True,-47.62063124235457
1219,"Otros directores, gerentes y administradores de servicios administrativos no clasificados previamente",62,42,20,-51.73692298814607,0.022555439970517233,True,-55.291707707701754
6123,Trabajadores calificados de la apicultura y la sericultura,105,81,24,-51.125026204742575,0.044499057413007526,True,-48.78180727069192
7322,Impresores,206,118,88,-49.211032277014574,3.982352421161295e-06,True,-42.71356511321574
3332,Organizadores de conferencias y eventos,173,97,76,-48.44082481294444,0.000436462152530126,True,-43.79198559565406
7514,"Operarios de la conservación de frutas, legumbres y verduras",59,23,36,-47.655697171433516,0.007708245423877047,True,-54.225396175046534
9611,Recolectores de basura y material reciclable,280,240,40,-44.13309245121193,0.0014775329069709464,True,-43.03692464351316
7512,"Panaderos, pasteleros y confíteros",2164,767,1397,-43.02552648073893,0.0,True,-39.48596301303788
3435,Tatuadores,90,67,23,-41.14052412874221,0.13299529522118858,False,-19.305610591241297
1221,"Directores, gerentes y administradores comercialización",113,79,34,-40.13583754511547,0.00013353192433918082,True,-42.18796364165706
1321,"Directores, gerentes y administradores de industrias manufactureras",421,310,111,-39.6596576626878,0.002079313508682068,True,-47.127150804475384
1420,"Directores, gerentes y administradores de comercios al por mayor y al por menor",1042,674,368,-38.56812658460541,4.936051567483446e-13,True,-45.600409759582384
7314,"Alfareros (barro, arcilla y abrasivos)",76,39,37,-38.518359193955256,0.008797044826586164,True,-26.043158870009265
7531,"Sastres, modistos, peleteros y sombrereros",402,46,356,-38.20768829937787,0.00041903496060546885,True,-30.948218053565625
1431,"Directores, gerentes y administradores de centros deportivos, de esparcimiento y culturales",75,52,23,-38.05625898539492,0.030020063368863426,True,-50.11352349475471
1411,"Directores, gerentes y administradores de hoteles",144,51,93,-37.58521090726868,0.03530243752984119,True,-54.73177210358833
5249,Otros vendedores no clasificados previamente,510,198,312,-37.40087781273553,2.1775980574290088e-08,True,-36.29147929238879
6121,Criadores de ganado,1017,904,113,-36.97708341833097,0.00015917086394834357,True,-29.39566022478064
5243,Representantes de ventas de puerta a puerta (venta a hogares),390,86,304,-36.74702963787918,0.004429829194404489,True,-42.69206790086286
4313,Empleados encargados de nóminas o registros de remuneraciones,91,22,69,-36.41753327564948,0.03352628280961523,True,-51.82261471641327
9520,Vendedores ambulantes (excluyendo comida de consumo inmediato),1045,464,581,-36.10275868109364,1.2234657731369225e-13,True,-35.23998435106178
2651,Artistas de artes plásticas,104,44,60,-35.59955522227545,0.05603310171010967,False,-21.576806120423964
6114,Agricultores y trabajadores calificados de cultivos mixtos,301,232,69,-35.594394003166826,8.225569337438898e-06,True,-47.580807518919876
9312,Obreros de obras públicas,593,573,20,-35.5738526165287,0.21299402729042338,False,-32.183193539973296
5211,Vendedores en quioscos o puestos de feria,2686,905,1781,-35.42481001391917,0.0,True,-34.67299216317647
4120,Secretarios generales,695,38,657,-34.513158275783915,0.006580672749754157,True,-41.19851822557518
6111,Agricultores y trabajadores calificados de cultivos extensivos,1504,1243,261,-34.22644757100443,3.0370589776396173e-07,True,-40.86548641411034
5221,"Comerciantes y dueños - operadores de locales comerciales, tiendas, almacenes y mercados",4711,1941,2770,-33.8726005839077,0.0,True,-33.264339550164024
5141,Peluqueros,1123,322,801,-33.20603633429406,2.7600823848672462e-09,True,-30.957653828559273
6222,Pescadores en agua dulce y en aguas costeras,590,567,23,-32.93612649692835,0.037049299189590545,True,-40.83828564128502
8157,Operadores de máquinas de lavanderías,142,37,105,-31.380003239780585,0.0005672494780666337,True,-18.580529456850613
3251,Técnicos y auxiliares paramédicos en odontología,344,24,320,-30.799753119835604,0.048922105197360954,True,-46.487800514982105
2353,Otros profesores de idiomas,73,25,48,-30.261571966061773,0.11988223668250897,False,-17.873860302949684
2355,otros profesores de artes,72,20,52,-29.842748382213426,0.1475190753720017,False,-26.85022032083181
9216,Obreros de pesca y acuicultura,600,411,189,-29.0687356658079,1.0136002319249826e-05,True,-25.75155480389215
2245,Dietistas y nutricionistas,245,22,223,-29.032566525711157,0.0043944833978533104,True,-33.11068388839631
3312,Ejecutivos de préstamos y créditos,277,104,173,-28.948234786747783,0.00023500915055540972,True,-31.923726940590125
2163,Diseñadores de productos y de vestuario,115,35,80,-28.407246063801118,0.03660781589897222,True,-33.19739980912475
2659,Otros artistas creativos e interpretativos no clasificados previamente,72,42,30,-28.14844383694217,0.056512404499059476,False,-25.994072675078794
7522,Ebanistas y mueblistas,706,656,50,-28.05188653618481,0.020856558109053625,True,-22.887817340631322
2513,Desarrolladores web y multimedia,98,78,20,-27.10262690668639,0.11496439410356163,False,-28.199829413843936
5164,Cuidadores de animales,263,165,98,-27.090231757904714,0.016391006544118403,True,-7.224274216346727
7233,Mecánicos y reparadores de máquinas agrícolas e industriales,1349,1316,33,-26.76481469401718,0.06420259894526348,False,-24.909772690746546
1345,"Directores, gerentes y administradores de servicios de educación",387,135,252,-26.661260899525473,3.4002965001445062e-06,True,-30.231543254871816
1439,"Directores, gerentes y administradores de otros servicios no clasificados previamente",463,307,156,-25.930719399659342,0.004414722008019734,True,-36.89522081534089
5244,Vendedores por internet y otros medios de comunicación,688,144,544,-25.464392753321963,0.2394024987272907,False,-41.462982117836454
7543,"Clasificadores, probadores de productos e inspectores de calidad (excluyendo alimentos y bebidas)",128,76,52,-25.082372423987508,0.00010152412853980941,True,-25.469011212490965
3311,Agentes de bolsa y otros servicios financieros,109,37,72,-25.067506960583863,0.08217501272416539,False,-49.10778862326281
1346,"Directores, gerentes y administradores de servicios financieros",108,64,44,-25.003008492713775,0.030725267515886445,True,-34.353635490878965
9510,Trabajadores ambulantes de servicios,110,88,22,-24.930065145037496,0.3523066661780052,False,-18.998329304535144
2132,Agrónomos y profesionales del ámbito forestal y pesquero,346,241,105,-24.51805118624062,0.0077854287445280335,True,-20.74959640388756
2161,Arquitectos,382,238,144,-24.353228971012065,0.0002395696903185751,True,-25.999889726488046
4227,"Entrevistadores de investigaciones de mercado, estudios de opinión pública y encuestadores",74,21,53,-23.967398371177573,0.42990425699121726,False,-22.598012337054783
1412,"Directores, gerentes y administradores de restaurantes",685,326,359,-23.924595136068483,6.284178525994832e-06,True,-36.360203305287264
4415,Empleados administrativos de archivos,92,39,53,-23.22553980544958,0.060732736960924516,False,-18.987969001644366
5245,Bomberos de gasolineras,357,302,55,-22.98357504413816,0.02227228297138817,True,-14.144746585711054
3118,Delineantes y dibujantes técnicos,126,94,32,-22.740982400783206,0.19434343871405702,False,-21.91779506047018
5120,Cocineros,3401,703,2698,-22.610741648968258,0.0,True,-25.855424805347305
3215,Laboratoristas dentales o técnicos en prótesis dentales,62,32,30,-22.48884021239813,0.24423509202240812,False,-22.959214265229487
8160,"Operadores de máquinas para elaborar alimentos, bebidas y cigarrillos",691,489,202,-22.33356859857568,0.001141817443631954,True,-13.630978037492824
5212,Vendedores ambulantes de productos comestibles de consumo inmediato (elaboración propia),431,119,312,-22.289153219491386,0.0048118279282345355,True,-25.97229617036273
5321,Trabajadores de los cuidados personales en instituciones,243,49,194,-22.112097309421074,0.025137801796963455,True,-21.868056516324287
3422,"Entrenadores, instructores y árbitros de actividades deportivas",272,201,71,-21.660715615487703,0.11886974683050489,False,-28.449848842423464
2413,Analistas financieros,139,66,73,-21.5492937100731,0.08483336221083149,False,-19.46228797246131
4222,Empleados de centros de llamadas de informaciones,318,86,232,-21.505071569034694,0.0046240794626573045,True,-15.467418079499451
3411,Técnicos de los servicios jurídicos,230,79,151,-21.49757995225524,0.03110592596318118,True,-15.917913118110494
9411,Cocineros de comida rápida,735,258,477,-21.128473024780124,4.947192153315072e-05,True,-17.630808594823545
3434,Chefs,249,160,89,-21.0653240672796,0.005157887335769162,True,-32.39014502311488
6210,Trabajadores forestales calificados,615,576,39,-20.816295598382762,0.009435819790602151,True,-24.27891126840117
6113,"Agricultores y trabajadores calificados de huertas, invernaderos, viveros y jardines",1885,1492,393,-20.56576843693706,0.00013797303017093476,True,-7.845568797400659
9333,Obreros de carga,1001,960,41,-20.41517331501963,0.00690099582299708,True,-20.98310812720029
7515,"Catadores, clasificadores y controladores de calidad de alimentos y bebidas",275,102,173,-20.414923369217817,0.0004755395253253081,True,-21.775166223818132
5223,"Vendedores y asistentes de venta de tiendas, almacenes y puestos de mercado",6358,2214,4144,-20.40360019971056,0.0,True,-24.41265464672906
1211,"Directores, gerentes y administradores de finanzas",116,59,57,-20.30456826030814,0.0675242797804343,False,-19.09694874906329
3351,Inspectores de aduana,54,33,21,-20.253999459850046,0.0840491382278421,False,-24.45796919771054
3354,Agentes de servicios de tramitación y entrega de licencias y permisos,51,20,31,-20.0709198563922,0.030803297236848604,True,-30.33136981378377
4214,Cobradores,189,53,136,-20.03255923353391,0.01777142755940897,True,-27.021868167224927
5242,Promotores de tiendas,140,30,110,-19.06940691456811,0.10885141043375857,False,-9.535821576171276
3512,Técnicos en asistencia al usuario de tecnología de la información y las comunicaciones,115,92,23,-18.972902077993037,0.1555408338328288,False,-26.55763470818956
3344,Secretarios médicos,575,63,512,-18.958367029393187,0.0047967364538188395,True,-18.245513717074136
2143,Ingenieros mediambientales,111,66,45,-18.914788629356604,0.11746578772352434,False,-27.33199295303428
3412,Técnico en trabajo social,169,30,139,-18.876800341082422,0.06571546528537331,False,-26.391753594667065
2310,Profesores de la educación superior,968,518,450,-18.761613099096973,0.0017817760057852183,True,-17.89904372601695
4311,Auxiliares y ayudantes de registros de contabilidad y cálculo de costos,244,89,155,-18.57831868139027,0.008076090602452624,True,-25.731567974097224
2141,Ingenieros industriales y de producción,474,369,105,-18.5770604635347,0.006100271350173436,True,-22.66215166478616
3431,Fotógrafos,104,69,35,-18.317489349737958,0.5168935268204087,False,-10.27090553652168
5222,"Supervisores de locales comerciales, tiendas y almacenes",703,293,410,-18.19320163930027,0.00010076946916837137,True,-20.989755962889788
6112,Agricultores y trabajadores calificados de plantaciones de árboles y arbustos,847,690,157,-18.101133039444083,0.0019208690855729849,True,-21.306860472640132
3343,Secretarios administrativos y ejecutivos,2271,430,1841,-18.06907786570886,8.656173533516665e-08,True,-23.5269606071165
2212,Médicos especialistas,388,213,175,-18.04786519921523,0.008729623754266669,True,-20.384383199918034
9211,Obreros de explotaciones agrícolas,6203,4017,2186,-18.037696572973815,0.0,True,-9.628102606719436
4224,Recepcionistas de hoteles,200,82,118,-17.917636047873497,0.03172015053349253,True,-10.234493493416675
6130,Productores y trabajadores calificados de explotaciones agropecuarias mixtas,243,203,40,-17.860576160974684,0.2144401591682168,False,-53.455663383421694
3423,Instructores de acondicionamiento físico y actividades recreativas,201,118,83,-17.575183290262974,0.05211268348160614,False,-24.6110568848078
3122,Supervisores de industrias manufactureras,278,220,58,-17.42308066129523,0.10280305173553272,False,-18.139600089045636
1212,"Directores, gerentes y administradores de recursos humanos",241,96,145,-17.409870653210035,0.024121515492005363,True,-10.216144853219012
1342,"Directores, gerentes y administradores de servicios de salud",140,46,94,-17.3860982651583,0.2761882379860563,False,-39.10234015180652
5246,Vendedores de comida al mostrador,267,94,173,-17.328504983114723,0.03746641992421673,True,-20.501915660778902
8131,Operadores de plantas y máquinas para fabricar productos químicos,110,88,22,-17.16957100831682,0.14320406864924262,False,-17.984787645759425
4110,Trabajadores de tareas administrativas generales,1150,451,699,-17.144334360651758,4.7603402708595866e-07,True,-15.391686179406028
9623,Recolectores de dinero en máquinas expendedoras de venta automática y lectores de medidores,108,79,29,-17.108795419656918,0.017087676550441966,True,-17.35929829096201
9112,"Auxiliares de aseo de oficinas, hoteles y otros establecimientos",5980,1356,4624,-16.949549883406146,0.0,True,-17.512378964692076
2412,Asesores financieros y en inversiones,112,62,50,-16.934371093891365,0.23478448104933913,False,-26.87352506559636
2244,Kinesiólogos,458,216,242,-16.875054337863826,0.039477011684383445,True,-15.246514108995468
3111,Técnicos en ciencias físicas y químicas,119,71,48,-16.72501970109046,0.05111793867269121,False,-19.209470710460398
5322,Trabajadores de los cuidados personales a domicilio,1042,35,1007,-16.72460743664307,0.09945777315505033,False,-14.528635341085295
3212,Técnicos de laboratorios clínicos y servicios de sangre,117,21,96,-16.205226556712216,0.03218506074690097,True,-10.51199255501869
9613,Barrenderos,463,258,205,-16.12743376280822,0.012372412606951988,True,-12.827737337127044
3355,Inspectores y detectives de la Policía de Investigaciones (PDI),119,85,34,-16.06094721711313,0.20510466341981504,False,-15.52817649589089
1323,"Directores, gerentes y administradores de construcción",350,312,38,-15.95644535225198,0.1985495526624157,False,-24.88972855082895
1324,"Directores, gerentes y administradores de empresas de abastecimiento, almacenamiento y distribución",273,211,62,-15.712813603915453,0.20862955042386888,False,-18.05659537624268
2422,Especialistas en políticas de administración,518,250,268,-15.62523904958837,0.007429161980321952,True,-19.465134868232457
2511,Analistas de sistemas,484,408,76,-15.512806584267903,0.04672718288343525,True,-14.748685228685666
4412,Carteros y empleados de servicios de correos y encomiendas,133,97,36,-15.171423460354127,0.02765999118552398,True,-13.473426596580307
3257,Inspectores de la salud y técnicos en prevención de riesgos,194,97,97,-15.114681896831506,0.0719284078540714,False,-19.916106208610785
9621,"Mensajeros, estafetas, maleteros y repartidores de folletos y diarios a domicilio",379,269,110,-14.84629006742082,0.00841883592485071,True,-9.682408253327123
4225,"Empleados de informaciones, reclamos o sugerencias",437,133,304,-14.800351862742023,0.001180439080492146,True,-15.449384986053516
8183,"Operadores de máquinas de embalaje, embotellamiento y etiquetado",290,141,149,-14.75355545311665,0.005467844411402911,True,-22.333745613922716
9612,Clasificadores de desechos,119,95,24,-14.62002043853714,0.5783856509548864,False,9.650266039536447
5153,Conserjes,770,618,152,-14.451152714296889,0.0015543599531937513,True,-8.076257881285908
2230,Veterinarios,271,119,152,-14.357995586772354,0.15849116655542184,False,-25.26411463463516
1349,"Directores, gerentes y administradores de otros servicios profesionales no clasificados previamente",166,100,66,-14.35465030239893,0.290205996753933,False,-14.090291998106919
9334,Reponedores de estanterías,1595,712,883,-14.341423405637743,4.6351806765709824e-05,True,-12.138943995193863
2411,Contadores,1401,615,786,-14.341095910392443,0.001385918432795341,True,-13.562011958940923
9412,Ayudantes de cocina,1138,281,857,-14.150995113849064,0.0007910676234221814,True,-10.608518863612382
5312,Asistentes de aulas e inspectores de patio,1440,242,1198,-14.14972043326308,0.0032008750160676946,True,-20.33139023104872
7313,"Joyeros, orfebres y plateros",124,50,74,-14.087527360870189,0.5519394462062288,False,58.693520749980465
5151,"Supervisores de mantenimiento y limpieza en oficinas, hoteles y otros establecimientos",205,97,108,-13.695350093130953,0.02287798388946083,True,-17.759237030421303
4221,Empleados de agencias de viajes,121,23,98,-13.680462097068125,0.4894783772623925,False,-19.763875237524587
7317,"Artesanos en madera, cestería y materiales similares",190,129,61,-13.669731726192891,0.36704512398307143,False,-2.711389792902563
3334,Agentes inmobiliarios,519,232,287,-13.633171727774208,0.0800857512763622,False,-14.436311138455004
3313,Técnicos y asistentes en contabilidad,771,268,503,-13.622040393221058,0.01407234359806564,True,-17.463587668286106
2243,Ingenieros en prevención de riesgos y otros profesionales de la seguridad e higiene laboral y ambiental,801,481,320,-13.50386183159632,0.0030218918129965022,True,-23.565674715436845
3323,Agentes responsables de adquisiciones,437,229,208,-13.43878446768425,0.03492409523995099,True,-16.617479086724874
3342,Secretarios jurídicos,111,28,83,-13.255886140506668,0.2797822700505743,False,-25.497103611294392
5152,"Amas de llaves, mayordomos domésticos y dueños/administradores de pequeños establecimientos de alojamiento",225,128,97,-12.844217969361305,0.2106320755409241,False,5.021898314939266
9122,Limpiadores de vehículos,231,210,21,-12.48893444751289,0.5687639464894145,False,-16.758954410600822
3333,Agentes de empleo y contratistas de personal,108,80,28,-12.451352533562565,0.3699198447183596,False,-11.048953434432395
9313,Obreros de la construcción de edificios,1807,1736,71,-12.370925704915548,0.18435070430951672,False,6.572305645533194
2433,Profesionales de ventas técnicas y médicas (excluyendo las TIC),116,81,35,-12.295296493043795,0.3822739413495557,False,-19.988867741300854
4211,Cajeros de bancos y de oficinas de correo,130,33,97,-12.061718778669873,0.18706391885655194,False,-15.342719012135008
3221,Técnicos y auxiliares paramédicos de enfermería,2599,420,2179,-12.015610789457487,8.497836596399466e-06,True,-13.486541390309725
3123,Supervisores de la construcción,579,541,38,-11.79406397406999,0.13019731179707983,False,-23.93689555251992
4132,Digitadores de datos,105,36,69,-11.65370000602557,0.1644854679353709,False,-11.691063462866424
5414,Guardias de seguridad,3956,3179,777,-11.558629080515647,9.397296385493803e-08,True,-7.63315413060639
4321,Empleados encargados del control de abastecimiento e inventario,2604,2052,552,-11.509311470451223,3.850616053124867e-06,True,-9.506505602518223
5132,bármanes,214,130,84,-11.392105823070754,0.2501810708433645,False,-17.54481363794922
4226,Recepcionistas (funciones generales),244,59,185,-11.36781440867044,0.20872725287470328,False,-7.874327465087594
3341,Supervisores de oficina,146,67,79,-11.276557051266822,0.2871393142225238,False,-7.130781443730283
3322,"Representantes comerciales (excepto venta de productos y servicios industriales, farmacéuticos y de tecnologías de la información y las comunicaciones)",534,333,201,-11.227203047712598,0.05774107529190187,False,-12.986953762458697
3359,Agentes de la administración pública para la aplicación de la ley no clasificados previamente,217,143,74,-11.124818492281129,0.23863194833370982,False,-3.5640135581844534
2142,"Ingenieros civiles, ingenieros en construcción y constructores civiles",834,677,157,-10.82591150802582,0.05044241816096995,False,-14.184405492245489
5230,Vendedores de entrada (entretenciones y eventos deportivos) y cajeros de comercio,2064,318,1746,-10.769203062823085,0.0006912877186928679,True,-13.090689557889402
4323,Empleados de servicios de transporte,466,314,152,-10.529441159997576,0.1264815999581541,False,-11.693899735533641
4416,Empleados y asistentes de recursos humanos,403,137,266,-10.497767730327222,0.0952068021412047,False,-9.696524028209087
4419,Otro personal de apoyo administrativo no clasificado previamente,419,178,241,-10.483437773110882,0.04845380826463619,True,-10.941893621408816
7115,Carpinteros de obra,2867,2834,33,-10.334827234069177,0.21427805304658376,False,-8.48605672440591
2113,Químicos,52,29,23,-10.314243918954402,0.6704701100395152,False,-1.2151971836245057
2211,Médicos generales,343,171,172,-9.979373261017965,0.09030880590176182,False,-11.750862280674045
8322,"Conductores de automóviles, taxis y camionetas",4481,3989,492,-9.93363904248733,0.015299679926143117,True,-10.994857039642959
2247,Tecnólogos médicos,250,99,151,-9.411622661838104,0.15924617578526412,False,-8.899849176247388
3259,Otros técnicos de la salud no clasificados previamente,80,32,48,-9.408540088589056,0.316259482329186,False,-7.6088441325713685
2114,Geólogos y geofísicos,84,57,27,-9.271797746452082,0.5320345775511564,False,-22.013257635431096
2423,Especialistas en políticas y servicios de personal,361,143,218,-9.262377642607289,0.29108219892725584,False,-3.974435485665828
9214,Ayudantes de jardinería y horticultura,138,95,43,-9.221541705253266,0.3261197564336755,False,-5.321545468901723
9321,Empacadores manuales,485,214,271,-8.734871047654746,0.055013906139312674,False,-8.339954418525208
3321,Agentes de seguros y ejecutivos de fondos de pensiones,368,102,266,-8.696749593193475,0.3681634322218188,False,-17.554550924997503
7231,Mecánicos y reparadores de vehículos de motor,2563,2525,38,-8.450160271265128,0.5209776248357469,False,3.13987052936624
7131,Pintores y empapeladores de paredes,767,730,37,-8.165577919904244,0.5089035066816305,False,-11.003483332776721
4212,Receptores de apuestas,54,25,29,-7.412353652890014,0.49172378596991884,False,-11.35459663259738
2352,Educadores para necesidades especiales,697,35,662,-7.125102141256789,0.234488170022487,False,-8.45513952916378
5412,Carabineros,581,475,106,-6.715424092554612,0.2426635204657961,False,-21.885467719924822
5131,Garzones de mesa,1326,450,876,-6.481374845641286,0.14686534845747268,False,-13.415455216863304
1311,"Directores, gerentes y administradores de producción y operaciones agropecuarias y de silvicultura",356,293,63,-6.329981466916312,0.7195142495930331,False,-24.60586905213724
9329,Obreros de la industria manufacturera no clasificados previamente,87,66,21,-6.0673648354136915,0.5445533490717374,False,3.172284228397415
1112,Personal directivo de la administración pública,183,113,70,-5.028881120482199,0.6062808948776428,False,17.773139231836943
3112,Técnicos en construcción y topógrafos,413,372,41,-5.001351864252723,0.5328001963905249,False,-5.440902282867032
2248,Terapeutas ocupacionales,220,32,188,-4.732061963409462,0.7042905578726824,False,-28.334714935540607
2330,Profesores de educación media,1099,480,619,-4.575631216758447,0.1520747580349,False,-4.601238766771543
2635,Profesionales del trabajo social,1153,183,970,-4.418224098144785,0.39338525562675053,False,-5.670690280752466
2642,Periodistas,317,165,152,-3.8755853071424484,0.5793465009330725,False,3.196420187565696
7511,Carniceros y pescaderos,791,472,319,-3.475791287260066,0.3380806782723762,False,-4.386921179490244
2341,Profesores de educación básica,2568,717,1851,-3.3891912607324937,0.13293393671429587,False,-1.1855432711433744
9111,Trabajadores de casa particular y asistentes domésticos,4939,75,4864,-3.169558703028763,0.7890429029596442,False,-3.7181308873573737
8321,Conductores de motocicletas,372,321,51,-3.1221194185258483,0.7283286651123302,False,-5.444438557540376
2519,Otros desarrolladores y analistas de software y multimedia no clasificados previamente,169,134,35,-3.064075706287539,0.7762403749408795,False,-7.029483201177145
8344,Operadores de autoelevadoras y montacargas,639,612,27,-2.4147802721585454,0.6869420427713653,False,-4.633164361281872
2431,Profesionales de la publicidad y la comercialización,375,192,183,-2.380579061510857,0.780702283222438,False,-11.62148253944607
2221,Enfermeros profesionales,1142,183,959,-2.100588392928726,0.7743514048052136,False,-3.4620116498269904
2634,Psicólogos,1016,289,727,-1.8436880352707075,0.738821809140622,False,-8.27382898152954
3121,Supervisores de minas,290,270,20,-1.515542368878342,0.9382110942820765,False,-6.48323752750406
3142,Técnicos agropecuarios (incluyendo acuícolas),228,155,73,-1.4852457616743697,0.8381036596439417,False,-5.371555113712468
2241,Dentistas,336,144,192,-1.378658756362261,0.8967456295393823,False,-13.617718207217056
2359,Otros profesionales de la educación no clasificados previamente,649,179,470,-1.3426882304523713,0.9159842386375097,False,-12.778308404545069
8332,Conductores de camiones pesados y de alto tonelaje,3975,3891,84,-1.031997122898587,0.8904511511769388,False,6.640055220037544
9629,Otras ocupaciones elementales no clasificadas previamente,171,120,51,-0.9298629226490496,0.9462963376439326,False,-0.2787182136236632
2320,Profesores de educación media técnico profesional (especialidades) y de formación laboral,101,56,45,-0.8793366715678652,0.9196638874763348,False,4.3880659417205425
2149,Otros ingenieros no clasificados previamente,993,593,400,-0.8732096609379902,0.8567126316863725,False,-0.5827822747319744
3213,Técnicos y asistentes farmacéuticos,89,28,61,-0.7880169057198461,0.9087542933528538,False,5.903874734676351
2421,Especialistas y asesores de gestión,416,230,186,-0.6044662956022018,0.9405456402786563,False,-11.790598301546062
8172,Operadores de instalaciones de procesamiento de la madera,390,361,29,-0.5702312316246294,0.9322940045934973,False,-4.523030077592494
6221,Trabajadores de explotaciones de acuicultura,200,146,54,-0.5597463388011259,0.9534924128594151,False,5.173448257205848
2242,Químicos farmaceúticos,182,69,113,-0.402048612039585,0.955899642435704,False,-4.324142590558888
2166,Diseñadores gráficos y de multimedia,433,240,193,-0.23137740661910433,0.9762055394248048,False,10.463694340180329
9215,Obreros forestales,495,472,23,0.5997548670077624,0.9622646490199509,False,0.20736291087024572
2145,Ingenieros químicos,151,71,80,1.6336990798683448,0.8949990937583103,False,12.65117004791836
2351,Especialistas en métodos pedagógicos,388,130,258,1.7192162769351427,0.8504109229994565,False,5.076593651276773
2246,Fonoaudiólogos,246,27,219,2.0648173735068553,0.9028657725751943,False,-17.293649969370893
2611,Abogados,912,481,431,2.238370109963217,0.7128218969306945,False,-5.41896068804788
3331,Agentes de aduana,182,97,85,3.856816406720731,0.676252034858067,False,-2.113849869757667
1330,"Directores, gerentes y administradores de servicios de tecnología de la información y las comunicaciones",175,138,37,4.8544347685702816,0.6269230063233651,False,-16.84197421075512
2632,"Sociólogos, antropólogos, geógrafos y arqueólogos",149,78,71,5.157202580582698,0.6675405696553811,False,-4.871378846003161
2512,Desarrolladores de software,286,248,38,5.422382571533846,0.6530878385455507,False,19.841445637019817
8331,Conductores de buses y trolebuses,1320,1241,79,7.459927162432356,0.2548227400170546,False,2.0316754597260234
2131,"Biólogos, botánicos, zoólogos, genetista y farmacólogos",102,48,54,9.424136510674487,0.5410191108228752,False,16.213227286513643
8342,Operadores de máquinas de movimiento de tierras,1200,1171,29,9.48386124548659,0.46962060948014894,False,14.80843754371537
2146,Ingenieros en minas y metalúrgicos,291,250,41,11.129659600357611,0.5804941238452306,False,16.981581924538112
5413,Gendarmes,209,158,51,11.190454335163412,0.19871501396496827,False,11.083040097440367
3521,Técnicos de radiodifusión y grabación audiovisual,191,160,31,12.052489542281219,0.6639613673449889,False,12.486124167961709
5113,Guías de turismo,138,84,54,20.90972004994658,0.3443053875111972,False,-15.51431414061948
2424,Especialistas en formación del personal,60,26,34,21.131663479623896,0.6930402661694646,False,-27.16517355656186
2432,Profesionales de las relaciones públicas,121,47,74,24.9786700001029,0.5894033051510996,False,-15.381780530259004
2643,"Traductores, intérpretes de lengua de señas y lingüistas",55,21,34,28.99198405931522,0.21361981845372435,False,36.27227268947826
2652,"Músicos, cantantes y compositores",148,128,20,31.323206752789744,0.2696426774373495,False,40.99653456256858
